username,gender,name_title,first_name,last_name,dob,age,registered_date,registered_age
lazyfish559,male,Mr,Samuel,Cruz,1952-12-20,70,2013-06-03,9
lazykoala676,male,Mr,Sylvian,Vrij,1987-03-08,35,2011-07-22,11
heavygoose501,male,Mr,Mads,Nielsen,1992-05-25,30,2003-01-14,19
sadfrog920,male,Mr,Roger,Washington,1995-07-30,27,2015-02-21,7
ticklishbutterfly309,female,Ms,Alexis,Lo,1983-02-19,39,2010-04-17,12
crazyostrich533,female,Mrs,Emmi,Raisanen,1957-01-10,65,2006-07-27,16
angrygorilla274,male,Mr,Frederik,Andersen,1945-06-16,77,2005-07-11,17
purplepanda790,female,Miss,Veronica,Mendoza,1957-06-11,65,2004-10-10,18
silverpeacock930,female,Miss,محیا,کامروا,1993-03-07,29,2006-12-18,16
orangeostrich224,female,Miss,Samantha,Bell,1963-07-18,59,2004-02-26,18
ticklishladybug302,male,Mr,Torgeir,Fagertun,1981-01-27,41,2018-10-08,4
ticklishpanda889,female,Mrs,Lara,Freitas,1971-02-27,51,2016-05-09,6
silverduck979,male,Mr,Mirco,Klassen,1981-10-26,41,2008-12-10,14
redkoala978,male,Mr,Keith,Morales,1966-01-14,56,2006-09-02,16
crazykoala938,female,Mrs,Ada,Nyvold,1995-08-24,27,2008-03-09,14
saddog365,male,Mr,John,Rodriguez,1964-09-24,58,2011-02-28,11
bigladybug372,female,Miss,Jenny,Meyer,1965-04-20,57,2016-08-08,6
greenostrich506,male,Mr,Zachary,Hale,1961-01-03,61,2006-02-17,16
sadgoose476,male,Mr,Bently,Fortin,1968-07-16,54,2010-06-27,12
angryleopard737,male,Mr,Lucas,Côté,1954-10-22,68,2009-10-27,13
beautifultiger722,male,Mr,Dirk,Rauer,1952-08-23,70,2006-11-02,16
goldenbear375,male,Monsieur,Erwin,Nicolas,1954-02-20,68,2003-02-03,19
reddog572,female,Ms,Piper,Lee,1983-11-21,39,2002-07-21,20
happymouse401,female,Mrs,بیتا,جعفری,1971-04-21,51,2013-03-15,9
brownmouse811,female,Ms,Luciane,Rocha,1955-04-15,67,2004-04-28,18
organictiger154,male,Mr,Humberto,Rodrigues,1952-06-26,70,2006-01-09,16
greendog182,female,Miss,Harper,Green,1967-07-07,55,2008-05-27,14
bigwolf863,male,Mr,Eelis,Wiita,1962-02-07,60,2009-10-27,13
organicpanda187,female,Mrs,Thea,Mahr,1965-06-17,57,2009-06-14,13
organicfrog694,female,Miss,Gaby,Backes,1962-03-30,60,2014-03-10,8
blacktiger826,male,Mr,Tristan,Rasmussen,1957-04-24,65,2002-07-23,20
angrytiger463,male,Mr,Andreas,Christiansen,1982-06-23,40,2011-01-22,11
blackfish342,female,Mrs,Vanessa,Willis,1966-08-27,56,2003-09-23,19
whitecat483,male,Mr,Tarcísio,Fogaça,1993-09-03,29,2009-05-09,13
ticklishpeacock185,female,Miss,Taylor,Cunningham,1996-11-23,26,2006-05-07,16
tinybear251,female,Mrs,Fortunata,Almeida,1985-03-06,37,2017-09-02,5
silverkoala202,male,Mr,Enrique,Perez,1944-11-21,78,2014-11-25,8
brownfish395,male,Mr,Edgar,Adams,1945-11-25,77,2017-07-13,5
angrylion534,male,Mr,Terrence,Carroll,1972-10-14,50,2013-04-26,9
bigladybug636,female,Ms,Evelyn,Mason,1966-10-07,56,2014-02-13,8
blackladybug564,female,Mrs,Trinidad,Lorenzo,1970-01-04,52,2004-05-25,18
crazytiger241,male,Mr,Dylan,Morris,1983-09-09,39,2015-06-23,7
brownswan154,male,Mr,Max,James,1965-03-24,57,2017-01-07,5
organicdog936,female,Ms,Elisa,Navarro,1965-06-12,57,2008-03-14,14
smalltiger427,female,Ms,Sedef,Sezek,1973-01-29,49,2017-02-05,5
greengorilla933,male,Mr,Theo,Meehan,1973-08-12,49,2007-01-03,15
happyfish717,male,Mr,Henry,Moore,1976-03-17,46,2003-07-28,19
goldentiger744,male,Mr,Joerg,Mattes,1990-03-28,32,2005-02-08,17
angryfrog233,female,Ms,Frances,Veldhoven,1962-10-07,60,2006-01-05,16
yellowmouse719,male,Mr,William,Diaz,1993-02-04,29,2017-04-27,5
sadrabbit363,male,Mr,Nooa,Nevala,1994-07-29,28,2003-01-11,19
brownpanda310,male,Monsieur,Jean-Michel,Gauthier,1986-02-06,36,2015-06-16,7
yellowtiger681,female,Ms,Nalan,Erbay,1973-01-18,49,2011-09-13,11
blueswan799,male,Mr,Hans-Willi,Gaßner,1946-08-16,76,2014-08-21,8
bluewolf875,male,Mr,Guillaume,Michel,1946-12-15,76,2006-04-08,16
angrypanda233,male,Mr,Leonel,Løberg,1975-12-04,47,2008-01-30,14
silvertiger609,male,Mr,Emil,Trondsen,1969-12-31,53,2007-04-06,15
bigkoala828,male,Mr,Andre,Brewer,1984-11-01,38,2014-11-15,8
orangeladybug990,male,Mr,Symen,Beumers,1946-06-30,76,2015-10-09,7
whiterabbit730,female,Ms,آیلین,کوتی,1948-01-07,74,2015-04-19,7
organicfrog601,female,Mrs,Clémence,Caron,1978-10-01,44,2007-07-22,15
heavybutterfly966,female,Mrs,Amy,Reid,1952-05-13,70,2018-06-15,4
organickoala930,female,Mrs,Abigail,Martin,1994-11-30,28,2014-05-23,8
beautifulpanda500,female,Miss,Emma,Poulsen,1955-05-02,67,2015-02-10,7
greencat331,male,Mr,Fabien,Adam,1985-07-06,37,2008-07-02,14
organicbird660,female,Mrs,عسل,جعفری,1945-09-01,77,2002-12-13,20
greenfish812,female,Miss,Natalia,Montero,1968-06-28,54,2012-06-21,10
greenbutterfly244,male,Mr,Dwight,Fowler,1996-08-21,26,2013-12-08,9
purplerabbit344,male,Monsieur,Thierry,Lambert,1980-12-28,42,2004-12-17,18
whiteduck936,male,Mr,Cristobal,Torres,1947-07-24,75,2007-07-13,15
goldengorilla757,male,Mr,Cody,Flores,1950-05-14,72,2005-11-17,17
silverladybug435,male,Mr,Volkan,Küçükler,1984-02-09,38,2013-10-02,9
yellowpeacock818,female,Ms,Sofia,Walters,1965-07-07,57,2007-12-31,15
bluerabbit778,male,Mr,Luigi,Lambertz,1988-12-19,34,2019-09-14,3
happymouse423,female,Miss,Begüm,Korol,1983-01-19,39,2017-09-24,5
happymeercat217,female,Mrs,Adelina,Ramos,1994-10-12,28,2003-08-09,19
sadpanda500,female,Madame,Sofia,Morel,1980-01-14,42,2014-10-21,8
redladybug692,female,Ms,Elaine,Owens,1964-03-29,58,2007-12-08,15
silverbear724,male,Mr,Thies,Zipfel,1946-02-23,76,2016-05-13,6
smallkoala340,male,Mr,Bertolino,Ferreira,1967-07-31,55,2005-01-29,17
sadmeercat115,male,Mr,Ludwig,Vroemen,1953-02-27,69,2002-05-23,20
tinyswan905,female,Mrs,Lærke,Hansen,1993-09-09,29,2013-11-04,9
smallzebra204,female,Mrs,Areta,Araújo,1984-11-27,38,2005-05-17,17
blueostrich301,male,Mr,William,Romero,1954-07-17,68,2008-02-26,14
happyrabbit583,female,Mrs,Fatma,Abacı,1949-05-24,73,2015-10-31,7
silverbutterfly270,male,Mr,Magnus,Andersen,1992-09-02,30,2017-09-09,5
goldenmeercat531,female,Miss,Milja,Sakala,1966-06-07,56,2014-09-18,8
beautifulrabbit730,male,Mr,Jeremy,Denys,1997-11-24,25,2010-11-01,12
orangemouse255,female,Miss,Amalie,Mortensen,1963-04-24,59,2016-12-04,6
bluebird614,male,Mr,Tarsício,Moraes,1982-05-12,40,2008-10-04,14
crazygorilla797,male,Mr,Brent,Lane,1980-04-15,42,2014-04-02,8
organicmeercat376,female,Mrs,Bernadine,Baidjoe,1946-10-28,76,2004-01-29,18
ticklishrabbit969,male,Mr,Falco,Harms,1980-05-23,42,2014-03-09,8
orangelion778,male,Mr,Clayton,Lopez,1983-02-02,39,2007-05-31,15
whitemeercat723,male,Mr,Christian,Petersen,1994-05-13,28,2013-07-08,9
beautifulleopard870,male,Mr,Kaya,Tütüncü,1988-09-09,34,2012-12-08,10
greenleopard391,female,Mrs,Angèle,Brunet,1990-01-25,32,2016-07-23,6
organicelephant625,female,Miss,Dudu,Mennen,1992-10-13,30,2018-05-30,4
yellowtiger576,male,Mr,Nathan,Harris,1971-08-14,51,2002-06-13,20
goldenpeacock206,male,Mr,Oğuzhan,Orbay,1974-02-04,48,2004-12-31,18
sadduck448,female,Ms,Fatma,Borgan,1962-08-03,60,2018-11-21,4
crazylion161,male,Mr,Benjamin,Christiansen,1966-08-20,56,2003-08-31,19
smallduck805,female,Mrs,Minttu,Hanka,1981-07-04,41,2012-09-16,10
smallsnake741,male,Mr,Nelson,Graham,1997-03-16,25,2012-11-06,10
blueswan290,male,Mr,Johnni,Thompson,1984-01-10,38,2009-10-21,13
smallduck226,male,Mr,Laurens-Jan,Sponselee,1964-12-22,58,2019-03-25,3
brownfrog213,male,Mr,John,Brown,1958-06-17,64,2009-04-01,13
crazyswan750,female,Mrs,Karolina,Bjørge,1990-01-08,32,2006-12-02,16
smallsnake603,male,Mr,رهام,نكو نظر,1968-11-27,54,2016-11-18,6
purpleduck527,female,Miss,Mia,Jackson,1983-09-18,39,2004-10-07,18
sadfrog795,female,Mrs,Alyssa,Foster,1964-08-04,58,2007-10-10,15
lazyostrich715,male,Mr,Jaxon,Williams,1959-02-21,63,2012-06-27,10
bluelion912,female,Mrs,Alena,Pires,1950-10-04,72,2017-08-12,5
purplewolf568,female,Mrs,Leah,Jensen,1983-10-20,39,2003-04-19,19
beautifulgorilla203,female,Miss,Olivia,Carr,1991-11-11,31,2005-07-26,17
yellowfish491,female,Mrs,Sanni,Ollila,1966-05-05,56,2017-03-04,5
yellowswan637,male,Mr,Phil,Kelley,1977-01-23,45,2005-02-06,17
purpleladybug914,male,Monsieur,Lorenzo,Leclerc,1992-12-22,30,2006-04-12,16
redbutterfly781,male,Mr,Thiago,Gerard,1957-01-24,65,2004-10-03,18
brownswan870,female,Ms,Judith,Harris,1993-03-11,29,2004-07-18,18
beautifultiger856,male,Mr,Samuel,Savela,1997-06-20,25,2016-04-09,6
yellowmeercat303,male,Mr,Eemil,Sippola,1988-07-24,34,2019-06-02,3
blackwolf223,female,Miss,Elleke,Kaijser,1988-01-10,34,2013-05-31,9
yellowcat153,female,Miss,Lauren,Powell,1994-06-07,28,2007-03-04,15
happytiger602,female,Mrs,Cecilie,Fossdal,1984-10-18,38,2003-02-03,19
greenlion720,male,Mr,Albert,Fuentes,1961-08-05,61,2010-02-11,12
lazykoala832,female,Mrs,Léane,Meyer,1979-03-13,43,2014-03-31,8
organicgoose185,female,Miss,Emilie,Rasmussen,1959-07-26,63,2005-11-09,17
redzebra689,female,Mrs,Marion,Richards,1968-12-16,54,2015-01-02,7
ticklishsnake831,male,Mr,Viljami,Rintala,1990-12-05,32,2013-06-18,9
happyladybug241,male,Mr,Benjamin,Perez,1969-12-15,53,2009-10-01,13
whitefish944,male,Mr,سینا,کوتی,1944-08-27,78,2004-03-26,18
sadbear141,female,Mrs,Jasmine,Mackay,1985-08-11,37,2008-10-11,14
redpanda967,female,Ms,Julia,Jones,1990-06-18,32,2005-06-10,17
lazygorilla715,male,Mr,Balduíno,Melo,1991-08-08,31,2004-07-15,18
purplezebra709,male,Mr,Henryk,Rosenkranz,1976-04-26,46,2019-02-06,3
smalldog793,male,Mr,Francis,Henderson,1974-01-16,48,2014-03-06,8
silverbutterfly657,female,Mrs,Karla,Mortensen,1994-12-18,28,2009-07-21,13
bluegoose800,female,Mrs,Faith,Price,1960-06-09,62,2008-06-23,14
happybutterfly929,female,Madame,Svetlana,Girard,1989-05-11,33,2008-07-18,14
purpleduck256,male,Mr,Marcelino,Keijer,1977-11-18,45,2018-11-24,4
smallbutterfly788,female,Ms,Lovise,Lieng,1955-12-22,67,2009-06-25,13
smallcat295,male,Mr,Derek,Perkins,1971-07-10,51,2016-02-22,6
redbutterfly277,female,Ms,Holly,Simpson,1961-09-15,61,2007-05-18,15
heavypanda102,female,Mrs,Erika,Myers,1969-08-09,53,2012-07-05,10
brownduck797,female,Ms,Maria,Olsen,1946-03-18,76,2012-01-18,10
blacklion125,male,Mr,Libertário,Martins,1993-07-31,29,2018-03-21,4
silvergoose813,female,Mrs,Sophie,Ross,1957-01-13,65,2008-09-15,14
brownfish531,male,Mr,Noel,Halse,1977-01-23,45,2017-02-23,5
crazybear466,female,Mrs,Norah,Hammervold,1957-09-12,65,2012-07-10,10
angryrabbit500,male,Mr,Johann,Hochmuth,1956-08-09,66,2011-10-09,11
redfish666,male,Mr,Perry,Anderson,1969-01-25,53,2002-05-11,20
blackpanda420,female,Ms,Wendy,George,1993-06-07,29,2016-05-14,6
happypeacock352,male,Monsieur,Nino,Rodriguez,1973-09-12,49,2010-11-22,12
sadelephant461,male,Mr,Thiago,Hermanns,1974-05-25,48,2003-11-16,19
orangekoala262,male,Mr,Ritthy,Bates,1952-10-06,70,2009-12-17,13
smallfish273,male,Mr,Rafael,Calvo,1984-07-24,38,2017-08-12,5
redgorilla397,male,Mr,Estéban,Bonnet,1955-07-11,67,2012-12-31,10
silverladybug401,male,Mr,Rasmus,Kokko,1985-08-05,37,2003-06-18,19
organicleopard352,female,Miss,Yvonne,Mooren,1971-06-20,51,2014-11-08,8
silverwolf459,female,Ms,Lena,Rhodes,1992-07-28,30,2009-02-26,13
yellowrabbit395,male,Mr,Riza,Makkinje,1952-11-24,70,2005-07-16,17
lazymouse266,male,Mr,Rafael,Bell,1959-07-26,63,2007-11-22,15
whitegoose784,female,Mrs,Lucy,Timmermans,1959-04-16,63,2007-03-16,15
ticklishladybug221,female,Ms,زهرا,صدر,1997-12-26,25,2014-02-16,8
ticklishfrog249,female,Ms,Ella,Poulsen,1988-10-22,34,2002-11-10,20
redswan473,female,Ms,ثنا,حسینی,1981-03-08,41,2016-05-27,6
blackladybug341,female,Miss,Emmeline,Hildrum,1967-04-21,55,2014-01-11,8
organicfish534,female,Ms,Richtje,Walburg,1971-10-11,51,2018-12-18,4
heavyrabbit908,male,Mr,Blake,Wang,1983-04-09,39,2016-04-21,6
goldenostrich459,female,Miss,Zhané,Korf,1951-02-17,71,2014-08-15,8
blackkoala514,male,Mr,Gustavo,Gimenez,1991-10-30,31,2014-09-09,8
orangeladybug738,male,Mr,Emil,Møller,1986-08-02,36,2014-02-15,8
brownrabbit472,male,Mr,Diamantino,Fernandes,1947-09-27,75,2013-10-30,9
redelephant567,male,Mr,Halvard,Vikene,1974-12-13,48,2006-12-16,16
browngoose527,female,Mrs,تارا,پارسا,1995-05-13,27,2016-01-21,6
organicbutterfly466,female,Ms,Sedef,Ertepınar,1997-04-03,25,2004-11-25,18
happyswan390,female,Miss,Enola,Roger,1955-06-02,67,2019-04-03,3
purplesnake575,male,Mr,Oliver,Mortensen,1945-07-16,77,2019-08-03,3
whitekoala448,male,Mr,Aaron,Carpenter,1945-07-20,77,2017-05-14,5
silvergoose263,female,Mrs,Olivia,Nikula,1958-09-08,64,2018-09-08,4
beautifulmeercat565,female,Miss,Naja,Madsen,1986-10-09,36,2018-07-02,4
sadfish864,female,Mrs,Gladys,Barrett,1993-04-25,29,2016-12-15,6
orangeleopard677,female,Miss,Poppy,Wood,1987-03-06,35,2014-09-14,8
silverbird440,male,Mr,Barry,Peters,1961-10-21,61,2004-03-12,18
tinyelephant810,male,Mr,Arron,Barnes,1989-05-25,33,2010-01-12,12
redswan110,male,Mr,Max,Frazier,1955-04-22,67,2004-04-28,18
organicpeacock358,male,Mr,Dwayne,Brown,1962-01-16,60,2013-09-01,9
yellowgoose255,female,Mrs,Juvena,Silva,1976-06-07,46,2010-01-14,12
smallzebra690,female,Mrs,Judy,Patterson,1972-10-17,50,2007-12-08,15
orangedog920,male,Mr,Harry,Reynolds,1978-02-23,44,2019-05-17,3
silverdog358,male,Mr,Larry,Webb,1963-11-24,59,2003-04-13,19
greenbird953,male,Mr,Benjamin,Walker,1997-03-11,25,2012-02-03,10
greenlion154,male,Mr,Levi,Walker,1972-08-21,50,2004-07-18,18
redwolf744,female,Ms,Ashley,Fitzsimmons,1987-01-06,35,2005-12-29,17
silvermeercat673,female,Mrs,Gundula,Zacharias,1995-05-17,27,2018-01-18,4
beautifulfrog824,female,Ms,Scarlett,Perkins,1973-07-03,49,2012-10-23,10
happymeercat490,female,Miss,Fride,Bjerga,1967-06-24,55,2009-01-11,13
brownbird822,male,Mr,Emil,Christiansen,1974-12-28,48,2005-05-03,17
bigfish318,male,Mr,Vaíse,Fernandes,1959-08-29,63,2006-08-27,16
happytiger319,male,Mr,Herman,Voorbraak,1987-05-09,35,2010-08-27,12
heavyzebra337,female,Mrs,Elisa,Mora,1949-03-10,73,2015-11-09,7
sadostrich303,male,Mr,Kristian,Eichinger,1963-01-14,59,2010-11-10,12
heavypeacock981,female,Miss,Juana,Suarez,1949-10-04,73,2010-11-25,12
silverfish696,male,Monsieur,George,Leroy,1948-10-24,74,2017-11-12,5
happymeercat132,female,Miss,Niara,Ramos,1970-09-25,52,2016-06-27,6
angrymouse953,female,Ms,Buse,Numanoğlu,1956-05-01,66,2019-08-31,3
bluebutterfly711,male,Mr,Oleg,Van Burken,1960-08-05,62,2005-09-10,17
greenbear694,male,Mr,Clinton,Marshall,1979-09-18,43,2006-11-24,16
yellowleopard363,female,Ms,Begüm,Adal,1985-11-22,37,2017-07-25,5
silverpeacock375,male,Mr,Murat,Tunaboylu,1961-02-21,61,2015-02-17,7
bigdog462,female,Mrs,Maëlia,Blanc,1965-01-30,57,2011-08-05,11
happyrabbit987,female,Miss,Lijsje,De Vos,1994-07-17,28,2019-01-30,3
bigbird465,male,Mr,Necati,Kutlay,1965-01-06,57,2016-04-01,6
greenleopard574,female,Mrs,Addison,Jones,1967-10-26,55,2017-01-08,5
bigleopard761,male,Mr,Fred,Rhodes,1976-01-14,46,2004-06-14,18
redzebra552,male,Mr,Nicolay,Hofseth,1979-04-05,43,2004-03-21,18
yellowswan217,male,Mr,Samuel,Hicks,1964-12-30,58,2018-03-21,4
happyostrich283,male,Mr,Dorico,da Cunha,1960-10-20,62,2004-07-09,18
greenleopard249,female,Mrs,Erika,Josefsen,1996-03-12,26,2016-04-15,6
browncat566,female,Mrs,Mathilde,Johansen,1949-10-28,73,2004-09-15,18
purplebird930,male,Mr,Mae,Noel,1973-06-04,49,2014-05-07,8
redtiger393,male,Mr,Eddie,Nelson,1992-11-28,30,2007-04-04,15
redwolf112,male,Mr,Julian,Lee,1988-01-14,34,2004-09-12,18
happypeacock680,male,Mr,Jordan,Gutierrez,1950-10-22,72,2003-02-10,19
crazygoose899,female,Ms,Noelle,Andrews,1953-06-22,69,2010-06-17,12
bluecat669,male,Mr,Scott,Diaz,1963-08-05,59,2003-12-09,19
bluefrog907,male,Mr,Diego,Alvarez,1961-10-20,61,2012-11-01,10
purpleostrich553,female,Mrs,Camille,Fortin,1996-05-10,26,2016-01-02,6
goldenfish757,male,Mr,Célsio,Fernandes,1975-12-16,47,2010-06-09,12
whiteladybug938,female,Miss,Ava,Roy,1986-11-15,36,2010-11-01,12
lazybird735,male,Mr,Nathanaël,Roger,1957-01-05,65,2013-11-25,9
happylion748,female,Mrs,Olivia,Slawa,1967-06-10,55,2009-01-20,13
whitefrog120,female,Mrs,Gabriele,Becker,1965-09-09,57,2003-10-16,19
angryzebra619,female,Ms,Eline,Sørhaug,1955-03-16,67,2011-08-16,11
goldenzebra948,female,Miss,Claire,Stone,1995-12-04,27,2016-10-12,6
smallostrich537,female,Miss,Genoveva,Behringer,1947-11-23,75,2010-06-14,12
brownbear930,male,Mr,Karl,Salte,1983-09-01,39,2018-08-23,4
beautifulbutterfly494,female,Mrs,Iina,Kyllo,1947-05-03,75,2003-09-04,19
angrytiger657,male,Mr,Dominic,Sirko,1992-06-25,30,2006-07-14,16
purplelion130,female,Mrs,Cristina,Santana,1989-03-22,33,2004-04-08,18
whitegoose370,male,Mr,Marco,Vicente,1954-09-19,68,2016-06-16,6
whiteleopard525,male,Mr,Aitor,Santos,1953-08-24,69,2005-11-19,17
greenmouse574,female,Ms,Sabina,Liebmann,1997-07-14,25,2013-09-11,9
smallmeercat660,female,Ms,Sienna,Zhang,1946-01-16,76,2008-03-24,14
bluepanda509,female,Miss,یسنا,گلشن,1948-07-07,74,2008-08-07,14
silverlion266,female,Mrs,Lilly,Williams,1968-02-19,54,2010-06-15,12
angryladybug682,female,Madame,Germaine,Lemoine,1963-11-08,59,2017-12-10,5
bigpeacock833,female,Miss,Thea,Rasmussen,1966-12-09,56,2003-08-20,19
sadgorilla553,female,Ms,Sofia,Spencer,1961-07-30,61,2005-10-19,17
bigostrich158,male,Mr,Hugo,Soto,1949-05-14,73,2014-02-16,8
silvergoose379,male,Mr,Claude,Wood,1966-04-17,56,2018-03-26,4
greenzebra190,male,Mr,Frederic,Wiersum,1964-02-20,58,2011-06-29,11
brownladybug693,male,Mr,Karl-Peter,Niemann,1963-08-09,59,2019-04-09,3
orangeostrich885,female,Ms,Clémentine,Martin,1990-08-05,32,2009-10-21,13
crazyleopard567,female,Mrs,Alice,Mitchelle,1982-04-10,40,2017-05-05,5
lazyfrog955,male,Mr,Lenni,Wuollet,1967-09-28,55,2011-11-24,11
angryfish854,female,Ms,Lea,Lagesen,1957-08-27,65,2003-06-25,19
angryladybug320,male,Mr,Leonel,Ervik,1967-01-26,55,2019-03-07,3
goldendog844,male,Mr,مانی,صدر,1977-06-12,45,2007-06-29,15
sadmeercat825,male,Mr,Riley,Banks,1964-08-14,58,2013-02-14,9
bigcat268,male,Mr,Rodrigo,Vicente,1995-02-28,27,2004-03-07,18
blueladybug684,male,Mr,Seth,Gordon,1997-02-26,25,2007-11-22,15
crazycat976,male,Mr,Janusz,Kowalski,1976-04-12,46,2015-04-29,7
sadtiger537,male,Mr,Gerry,Russell,1975-02-17,47,2003-04-02,19
lazyleopard978,male,Monsieur,Alessandro,Garcia,1993-08-31,29,2013-12-09,9
whitekoala186,male,Mr,Gökhan,Bolatlı,1953-06-22,69,2011-04-22,11
crazyelephant386,female,Mrs,Hubertine,Busche,1944-11-21,78,2009-08-25,13
tinybear200,male,Mr,Sebastian,Roberts,1987-10-30,35,2012-11-01,10
browndog950,female,Miss,Caitlin,King,1971-07-07,51,2002-06-05,20
redfish804,female,Mrs,Sarah,Carr,1967-04-10,55,2014-03-17,8
sadpanda370,male,Mr,William,Lam,1995-03-13,27,2017-03-12,5
sadleopard187,female,Ms,Salete,Martins,1950-05-21,72,2015-10-04,7
blackmouse571,male,Mr,William,Wood,1996-11-14,26,2018-05-28,4
beautifulwolf757,female,Mrs,Khadija,Lilleås,1961-01-31,61,2004-06-04,18
beautifulleopard647,female,Ms,Sedef,Gürmen,1983-06-04,39,2007-01-17,15
smallfrog134,female,Mrs,Fiona,Hughes,1965-04-13,57,2018-04-10,4
lazykoala241,female,Mrs,Sophia,Li,1964-05-23,58,2002-09-09,20
bigostrich218,female,Ms,Luisa,Mora,1976-04-13,46,2011-12-04,11
beautifulbear200,female,Mrs,Sirene,Nunes,1981-04-11,41,2010-09-08,12
lazypanda196,female,Miss,Naomi,Arnaud,1988-08-09,34,2007-06-07,15
happytiger361,male,Mr,Sterre,Kamermans,1974-05-31,48,2012-05-28,10
lazymouse986,female,Mrs,Elif,Doğan,1951-04-22,71,2005-03-29,17
beautifulleopard121,female,Mrs,Sue,Berry,1977-03-23,45,2007-05-28,15
silvercat376,male,Mr,عرشيا,مرادی,1965-07-17,57,2007-12-26,15
yellowelephant578,male,Mr,Gunnar,Hoftun,1969-03-24,53,2018-05-28,4
bigbutterfly761,female,Madame,Emmanuelle,Martinez,1954-02-11,68,2010-01-30,12
lazydog893,male,Mr,Léonard,Roux,1957-04-15,65,2018-03-24,4
crazymouse278,female,Ms,Nalan,Özbey,1953-06-05,69,2003-11-17,19
sadwolf411,male,Mr,Flynn,Moore,1961-11-14,61,2012-04-15,10
smallfrog224,female,Mrs,Tina,Carvalho,1969-07-10,53,2015-05-17,7
silverelephant418,female,Mrs,Tara,Boyd,1976-06-10,46,2019-03-12,3
whitepanda159,male,Mr,آریا,حیدری,1967-12-24,55,2017-04-19,5
lazyfish956,female,Miss,مهدیس,موسوی,1969-07-27,53,2007-02-04,15
happywolf780,female,Mrs,Lizet,Pultrum,1992-11-03,30,2016-12-23,6
heavyfish716,female,Ms,Mathilde,Jensen,1975-05-27,47,2006-05-25,16
redfrog127,female,Miss,Edeltrud,Schuh,1956-05-05,66,2015-05-14,7
happymouse669,male,Mr,Logan,Smith,1994-07-23,28,2004-07-30,18
greenbear300,female,Ms,Bella,Markhus,1984-11-24,38,2018-05-13,4
bluewolf608,male,Mr,Lodewijk,Van Willigen,1971-12-06,51,2008-09-02,14
angryrabbit804,male,Mr,Marcus,Rogers,1989-11-25,33,2011-02-13,11
smallbutterfly427,female,Miss,Johanne,Madsen,1991-09-18,31,2014-03-27,8
blackladybug601,male,Mr,Daniel,Hernandez,1965-12-13,57,2006-07-11,16
blackswan831,male,Mr,Edwin,Price,1976-06-09,46,2012-12-06,10
greenwolf776,male,Mr,Lyam,Richard,1977-10-14,45,2010-02-21,12
blackostrich449,male,Mr,Roland,Brown,1946-05-09,76,2009-06-12,13
bluerabbit120,female,Ms,Alicia,Roy,1991-06-21,31,2019-07-01,3
silvergoose303,female,Ms,Brittany,Elliott,1986-10-14,36,2006-02-07,16
goldenelephant580,female,Miss,Nadia,Licht,1996-12-07,26,2004-01-05,18
yellowsnake981,female,Mrs,Roseneide,Lopes,1967-06-16,55,2003-03-22,19
orangelion457,female,Mrs,Tilde,Lyng,1963-09-01,59,2017-09-28,5
greentiger268,female,Mrs,Kathryn,Daniels,1990-05-06,32,2019-08-17,3
happyladybug201,male,Mr,Tobias,Hansen,1983-07-03,39,2002-08-03,20
bluebutterfly772,female,Mrs,Emilia,Ahonen,1985-10-14,37,2005-06-21,17
whitekoala695,male,Mr,Jorge,Reid,1946-07-27,76,2008-08-22,14
orangezebra120,female,Miss,Lea,Poulsen,1990-04-28,32,2008-12-30,14
greenlion923,male,Mr,Kaïs,Dumas,1981-08-31,41,2019-09-19,3
beautifulwolf942,male,Mr,Michael,Harris,1982-02-17,40,2008-06-11,14
bigpeacock364,male,Mr,Xaver,Bensch,1992-09-05,30,2007-05-03,15
brownmouse528,female,Mrs,Izabel,Alves,1958-02-09,64,2009-05-02,13
whiteduck697,female,Ms,Léonie,Lefevre,1996-12-06,26,2008-04-12,14
yellowsnake620,female,Miss,Sharon,Evans,1993-04-11,29,2002-10-01,20
beautifulwolf932,female,Mrs,Loren,Barelds,1954-07-07,68,2016-06-08,6
silverfish688,male,Mr,مانی,سهيلي راد,1965-07-19,57,2002-11-12,20
heavytiger589,female,Mrs,Alice,Walker,1951-06-10,71,2012-12-15,10
crazytiger561,female,Ms,Natalia,Castro,1952-04-17,70,2006-09-03,16
bigcat968,female,Mrs,Léane,Bertrand,1994-10-03,28,2017-07-30,5
sadbutterfly560,female,Miss,Aila,Bekkelund,1998-08-12,24,2017-02-21,5
sadkoala818,female,Mrs,Letitia,Kim,1998-07-11,24,2007-02-15,15
brownwolf695,female,Mrs,Marion,Cole,1976-02-25,46,2004-09-11,18
goldenbutterfly166,male,Mr,Russell,Jones,1962-04-02,60,2003-06-04,19
angrybear732,female,Mrs,Cenira,Silva,1969-12-29,53,2017-12-12,5
blackostrich359,female,Miss,Lillian,Spencer,1981-03-22,41,2015-04-08,7
happybutterfly255,female,Ms,Susanna,Bryant,1995-06-18,27,2003-06-28,19
organicgoose264,male,Mr,Niklas,Makinen,1980-08-06,42,2004-10-10,18
yellowkoala291,female,Mrs,Sadie,Evans,1972-05-10,50,2014-12-03,8
beautifulgorilla709,female,Ms,Alberte,Pedersen,1989-09-28,33,2007-04-18,15
purplelion829,female,Miss,Melissa,Lawrence,1975-02-02,47,2013-01-22,9
purplekoala802,female,Mrs,Marcia,Cooper,1966-12-24,56,2013-06-17,9
organicbird667,female,Mrs,Cleonice,Carvalho,1997-07-19,25,2013-12-14,9
blueleopard301,male,Mr,Herman,Chapman,1957-10-09,65,2007-10-10,15
redladybug610,female,Mrs,Anne-Marie,Rupprecht,1966-05-12,56,2011-07-21,11
beautifulduck287,female,Mrs,Rosa,Kristensen,1961-01-13,61,2004-03-03,18
orangecat643,female,Ms,Sam,Hicks,1967-09-08,55,2011-04-12,11
tinybutterfly865,female,Miss,Jen,Jones,1994-06-26,28,2007-02-13,15
brownmeercat548,female,Miss,Denise,Gonzalez,1968-10-24,54,2015-03-07,7
smallswan439,male,Mr,Nicolas,Martin,1976-09-05,46,2006-09-02,16
sadleopard424,male,Mr,Harry,Bowman,1975-02-24,47,2014-07-04,8
redleopard292,male,Mr,Alfredo,Stone,1963-08-03,59,2019-03-02,3
bluecat515,female,Miss,Raja,Frans,1947-12-15,75,2015-01-24,7
beautifulfrog100,female,Mrs,Josefine,Thomsen,1968-06-18,54,2006-08-13,16
purplebear298,female,Miss,Emmi,Aro,1959-05-14,63,2005-11-25,17
organicsnake614,female,Ms,Julie,Hansen,1975-12-26,47,2006-07-22,16
blackwolf825,male,Mr,Lance,James,1978-07-13,44,2018-09-26,4
crazybear995,female,Miss,Lærke,Jørgensen,1988-02-06,34,2003-07-28,19
beautifulcat784,male,Mr,Ivan,Fletcher,1945-08-11,77,2016-02-10,6
bluegoose620,male,Mr,Ola,Solbu,1977-11-27,45,2011-09-27,11
goldenkoala407,female,Miss,Silje,Jørgensen,1947-04-29,75,2010-07-18,12
redostrich147,female,Ms,Milja,Koskinen,1952-06-07,70,2013-06-22,9
beautifulbear881,female,Miss,Britney,Carr,1962-03-11,60,2006-03-22,16
greenelephant772,male,Mr,Reginald,Fuller,1971-10-04,51,2013-02-09,9
bluegorilla165,female,Miss,Lovise,Gjermundsen,1969-04-22,53,2014-01-25,8
goldenwolf793,female,Mrs,Latife,Akgül,1976-06-02,46,2015-08-22,7
angrygorilla773,male,Mr,Leslie,Richards,1990-02-22,32,2019-09-14,3
silversnake876,female,Mrs,Anna-Luise,Helm,1991-07-17,31,2006-02-12,16
heavybird437,male,Monsieur,Cosimo,Gauthier,1979-09-17,43,2013-08-22,9
organickoala734,male,Mr,Patrick,Leis,1961-02-18,61,2005-10-08,17
orangeswan486,female,Ms,Teresa,Reed,1953-06-01,69,2017-09-24,5
bigbird175,female,Madame,Justine,Deschamps,1952-06-04,70,2015-08-31,7
happytiger690,female,Mrs,Rosario,Gil,1980-07-04,42,2016-11-03,6
happygoose331,female,Mademoiselle,Jana,Morel,1951-01-20,71,2016-10-31,6
lazyzebra135,male,Mr,شایان,کوتی,1992-09-15,30,2010-02-20,12
redswan965,female,Ms,Isabella,Reynolds,1998-03-31,24,2015-10-25,7
brownmouse660,female,Ms,Generosa,Castro,1977-09-22,45,2010-07-25,12
silverswan512,male,Mr,Mitchell,Daniels,1973-03-11,49,2018-01-15,4
crazyduck606,female,Mrs,تینا,نجاتی,1982-04-01,40,2015-12-16,7
angryzebra750,male,Mr,Lloyd,Adams,1965-07-03,57,2007-02-02,15
sadgorilla496,female,Miss,Elizabeth,Garrett,1945-03-22,77,2010-11-01,12
bigleopard440,female,Mrs,Isobel,Robinson,1956-08-18,66,2017-01-08,5
heavygoose216,female,Miss,Ida,Kristensen,1957-07-10,65,2007-12-07,15
brownbutterfly909,female,Ms,Vicki,Taylor,1969-08-14,53,2007-12-11,15
bluedog445,female,Miss,Maxine,Stephens,1946-11-11,76,2011-04-20,11
bluewolf142,female,Mrs,Tracy,Peters,1968-05-13,54,2011-07-04,11
goldengorilla954,male,Mr,Alex,Alvarez,1958-07-07,64,2005-04-22,17
organicgorilla431,female,Mademoiselle,Arianna,Dumont,1953-05-11,69,2019-06-02,3
purpleswan939,male,Mr,Agustin,Diez,1955-08-20,67,2009-09-15,13
greenmouse951,male,Mr,Leevi,Luoma,1968-01-03,54,2008-01-03,14
sadostrich247,male,Mr,Barış,Aydan,1990-05-12,32,2010-07-27,12
tinytiger684,male,Monsieur,Marlon,Brun,1975-03-23,47,2002-05-20,20
beautifuldog275,male,Monsieur,Pascal,Pierre,1991-09-17,31,2004-04-24,18
heavyostrich410,male,Mr,Isaac,Santiago,1980-09-18,42,2006-12-08,16
happycat421,female,Mrs,غزل,رضاییان,1992-11-18,30,2019-08-26,3
orangezebra290,male,Mr,Aatu,Halla,1983-03-10,39,2010-07-12,12
purplepeacock246,female,Mrs,Zoe,King,1959-02-20,63,2003-01-05,19
bluemeercat282,male,Mr,Glen,Romero,1968-09-17,54,2018-01-14,4
yellowkoala738,male,Mr,James,Hansen,1948-09-13,74,2007-10-07,15
silverpeacock329,female,Ms,Claudilene,Dias,1958-05-30,64,2005-01-20,17
tinyduck295,male,Mr,Leon,Gonzalez,1984-11-05,38,2010-02-10,12
angryzebra859,female,Mrs,Eva,Baker,1958-03-24,64,2010-02-03,12
sadrabbit558,male,Mr,Ernesto,Gallardo,1970-09-01,52,2008-10-21,14
yellowduck846,female,Mrs,Loiraci,da Rocha,1997-07-26,25,2010-07-10,12
whitegorilla344,male,Mr,Emil,Lepisto,1995-01-28,27,2009-09-23,13
yellowrabbit356,female,Miss,Emmie,Henry,1946-09-14,76,2014-04-18,8
angryladybug439,male,Mr,Eemil,Niska,1987-07-07,35,2014-06-23,8
crazypeacock546,female,Ms,النا,رضاییان,1980-09-05,42,2019-03-15,3
happyelephant186,female,Miss,Hannah,Denys,1986-01-14,36,2013-03-29,9
orangekoala402,female,Mrs,Noémie,Anderson,1974-10-08,48,2005-07-23,17
happylion305,male,Mr,Luukas,Salmi,1967-09-16,55,2005-05-19,17
greenkoala205,male,Mr,Clayton,Castro,1950-10-29,72,2008-12-19,14
tinywolf391,male,Mr,Marcus,Sørensen,1948-02-29,74,2004-10-14,18
beautifulleopard549,male,Mr,Gregorio,Serrano,1982-04-17,40,2009-04-27,13
greenpeacock598,female,Miss,Caitlin,Clarke,1974-08-13,48,2015-05-07,7
yellowgorilla181,male,Mr,Lincoln,Harris,1950-08-22,72,2005-07-27,17
lazycat221,female,Ms,Naja,Møller,1959-02-19,63,2009-11-22,13
purplebutterfly423,female,Ms,Teresa,Rogers,1991-11-29,31,2002-06-29,20
ticklishsnake751,male,Mr,Victor,Richard,1988-12-31,34,2006-02-15,16
lazybear108,male,Mr,Malone,Garnier,1956-08-26,66,2006-09-10,16
sadostrich683,female,Miss,Lucie,Roux,1960-02-09,62,2011-11-10,11
organicgorilla822,male,Mr,Theunis,Leito,1985-10-15,37,2003-07-06,19
brownpeacock389,female,Miss,Ezgi,Heijligers,1958-06-09,64,2015-11-09,7
tinybutterfly752,female,Mademoiselle,Adelheid,Meyer,1990-08-15,32,2016-02-21,6
tinyladybug247,female,Ms,Helen,Moreira,1981-05-30,41,2010-07-03,12
lazyzebra168,male,Mr,Miguel,Jennings,1977-08-04,45,2017-12-14,5
silverostrich781,male,Mr,Tyler,Thompson,1989-05-24,33,2004-07-25,18
ticklishcat634,female,Mademoiselle,Jeanine,Boyer,1947-12-11,75,2006-04-15,16
sadpanda639,male,Mr,Ron,Jensen,1991-12-31,31,2018-08-29,4
silvertiger925,male,Mr,Ravn,Silseth,1980-03-03,42,2009-03-25,13
redostrich152,male,Mr,سینا,یاسمی,1957-10-03,65,2013-02-27,9
organicfish728,female,Miss,Synne,Amdahl,1970-08-20,52,2002-12-15,20
beautifulleopard890,male,Mr,Mathias,Jensen,1986-11-06,36,2012-10-07,10
goldenfrog977,female,Ms,Joana,Schumacher,1996-05-28,26,2017-12-14,5
heavywolf335,female,Miss,Saskia,Buse,1988-08-02,34,2017-02-03,5
organicswan923,male,Mr,Brad,Patterson,1994-05-24,28,2007-03-09,15
beautifulmouse629,female,Ms,آیلین,رضاییان,1991-01-26,31,2007-02-09,15
sadbear574,female,Miss,Laíssa,Barros,1962-12-06,60,2005-07-16,17
redtiger554,male,Mr,Salman,Bø,1971-08-29,51,2019-01-26,3
bigbird537,female,Ms,Judy,Mitchell,1985-01-04,37,2003-12-20,19
silverleopard957,female,Ms,Deborah,Graves,1983-11-07,39,2009-12-25,13
orangedog698,female,Madame,Lucette,Schmitt,1994-04-10,28,2016-04-23,6
bluelion736,female,Ms,Yolanda,Ferrer,1965-12-26,57,2004-02-29,18
happypanda681,male,Monsieur,Tiziano,Moulin,1953-02-11,69,2012-03-22,10
beautifulfrog747,female,Ms,Nina,Rhodes,1994-06-07,28,2002-10-07,20
ticklishostrich334,female,Ms,Vilma,Rintala,1949-04-03,73,2008-04-01,14
brownrabbit214,male,Mr,آریا,گلشن,1961-08-10,61,2008-11-28,14
orangebird763,female,Mrs,Sam,Byrd,1976-07-11,46,2009-04-23,13
heavywolf900,male,Mr,Anthony,Gagnon,1974-10-15,48,2010-03-21,12
crazyleopard460,female,Mrs,Avery,Johnson,1946-11-25,76,2016-01-09,6
silverostrich268,male,Mr,Ethan,Picard,1955-01-30,67,2008-05-19,14
whitepeacock583,female,Mrs,Franciane,Silva,1978-06-09,44,2003-06-02,19
organicfrog363,female,Mrs,Juana,Soler,1975-06-06,47,2008-04-06,14
whitepanda123,male,Monsieur,Jean-Daniel,Vidal,1968-03-23,54,2003-07-14,19
silverpanda452,male,Mr,Oscar,Hansen,1982-12-23,40,2017-06-20,5
smallmouse583,female,Ms,Irene,May,1959-12-03,63,2002-12-20,20
lazybear825,female,Miss,Meral,Çağıran,1956-03-29,66,2011-07-22,11
happyladybug617,male,Mr,Amar,Skram,1996-06-03,26,2013-12-27,9
silverfrog373,female,Ms,Kim,Hunt,1965-06-22,57,2016-07-30,6
yellowpeacock213,male,Mr,Luis,Dean,1964-11-23,58,2010-02-15,12
yellowrabbit284,female,Ms,Doris,Roth,1978-03-18,44,2018-09-05,4
crazykoala473,female,Ms,Ariane,Sætermo,1995-10-27,27,2010-10-20,12
beautifulmouse454,female,Miss,Yolanda,Rojas,1975-11-25,47,2006-04-06,16
angrygoose302,male,Mr,Kylian,Roux,1990-05-16,32,2018-07-31,4
greenzebra410,male,Mr,Glaúcia,Mendes,1952-08-05,70,2018-12-04,4
yellowwolf711,male,Mr,Karl-Dieter,Rupp,1989-04-18,33,2004-02-13,18
whitegoose260,female,Mrs,سوگند,جعفری,1994-01-13,28,2004-07-16,18
bigfish913,female,Mrs,فاطمه,حسینی,1956-04-24,66,2010-12-31,12
ticklishostrich353,female,Miss,Lilja,Rintala,1998-05-17,24,2007-11-06,15
sadwolf550,male,Monsieur,Oliver,Brunet,1988-08-28,34,2019-04-22,3
ticklishzebra106,female,Ms,پریا,سالاری,1953-12-03,69,2014-04-09,8
whitemouse323,female,Mademoiselle,Ronja,Marie,1996-09-24,26,2017-05-01,5
ticklishfrog876,female,Ms,Victoria,Nielsen,1949-02-12,73,2016-01-19,6
heavyswan259,male,Monsieur,Attila,Marie,1965-12-16,57,2003-10-18,19
blackbird846,female,Mrs,Ella,Kristensen,1987-10-01,35,2014-07-28,8
angryladybug796,female,Mrs,Lydia,Harrison,1946-08-31,76,2006-11-18,16
bigleopard315,male,Mr,Chaim,Scheerhoorn,1985-05-13,37,2019-05-02,3
smallsnake411,female,Ms,Vancléia,Freitas,1948-08-27,74,2006-05-25,16
bluebutterfly695,male,Mr,Douglas,Matthews,1954-01-17,68,2006-04-02,16
organicbutterfly238,male,Monsieur,François,Guillaume,1975-02-18,47,2004-01-31,18
redostrich935,male,Mr,Cristian,Cruz,1980-08-21,42,2011-04-13,11
crazykoala229,female,Mrs,Mia,Reid,1953-07-05,69,2006-05-29,16
heavylion242,female,Miss,Ronja,Saari,1948-08-12,74,2003-05-26,19
orangeduck763,female,Miss,Rachel,Finne,1975-01-09,47,2005-10-30,17
greenbird683,male,Mr,Julius,Pakkala,1967-08-23,55,2010-03-14,12
bigfish900,male,Mr,Tracy,Kennedy,1992-06-03,30,2005-02-16,17
happygoose669,female,Mrs,Maja,Thomsen,1973-08-30,49,2008-10-27,14
tinylion505,female,Ms,Lea,Sørensen,1965-10-14,57,2019-05-19,3
heavyswan975,female,Mrs,Graciela,Silva,1998-01-26,24,2008-09-06,14
bigsnake486,male,Mr,بردیا,نكو نظر,1985-01-24,37,2003-10-30,19
lazyduck917,male,Mr,Haraldo,Pinto,1965-10-21,57,2003-09-28,19
redfish379,male,Mr,Ricardo,Marin,1946-04-29,76,2002-11-08,20
ticklishleopard445,male,Mr,ماهان,گلشن,1946-01-20,76,2017-02-18,5
tinyfrog677,male,Mr,Elmer,Garrett,1954-02-01,68,2010-06-15,12
redmeercat631,male,Mr,Erlend,Bjørn,1987-01-24,35,2008-05-12,14
redladybug919,female,Ms,Leni,Rabben,1989-01-09,33,2005-11-24,17
yellowleopard694,female,Miss,Maeva,Park,1973-09-22,49,2019-09-17,3
purplebear890,male,Mr,Ryder,Singh,1998-07-23,24,2019-05-14,3
smallmouse302,male,Mr,Jordan,Thompson,1948-05-01,74,2011-06-01,11
smallswan356,female,Mrs,Andrea,Hall,1988-06-26,34,2009-04-12,13
redzebra658,male,Mr,Mahmoud,Hågensen,1990-06-09,32,2017-08-19,5
smallbear502,female,Mademoiselle,Elisabetha,Aubert,1985-02-25,37,2016-04-29,6
angrybird714,female,Mrs,Clara,Olsen,1952-12-27,70,2015-04-02,7
